{
    "weth": 1889.78,
    "usd-coin": 0.998832,
    "velodrome-finance": 0.132905,
    "optimism": 1.56,
    "lyra-finance": 0.089248,
    "nusd": 0.996836,
    "dai": 1.0,
    "havven": 2.72,
    "liquity-usd": 0.99821,
    "thales": 0.477411,
    "perpetual-protocol": 0.499637,
    "frax": 0.997918,
    "frax-share": 5.95,
    "hundred-finance": 0.01853678,
    "alchemix-eth": 1875.87,
    "alchemix-usd": 0.996918,
    "tether": 0.999816,
    "seth": 1886.93,
    "chainlink": 6.92,
    "uniswap": 5.88,
    "dola-usd": 0.997711,
    "curve-dao-token": 0.778028,
    "mindsync": 0.96,
    "wrapped-bitcoin": 29925,
    "renbtc": 30779,
    "sbtc": 30022,
    "kromatika": 0.02822538,
    "ageur": 1.12,
    "layer2dao": 0.00122182,
    "token-dforce-usd": 1.086,
    "dforce-token": 0.03896794,
    "stargate-finance": 0.638029,
    "aelin": 611.65,
    "rai": 2.77,
    "rocket-pool-eth": 2038.44,
    "tarot": 0.061552,
    "pooltogether": 0.602295,
    "thunder-token": 0.00362591,
    "toxicgarden-finance-seed": 0.129728,
    "premia": 0.595382
}